{
  "Products": [
    {
      "id": "5151",
      "status":"Shipped",
      "tag": "hot",
      "title": "Encore Seafoods Stuffed Alaskan Arvind",
      "category": "Snack",
      "price": 28.85,
      "oldPrice": 75.85,
      "image": "https://nest-frontend-v6.vercel.app/assets/imgs/shop/product-1-1.jpg",
      "rating": 4.5,
      "brand": "NestFood",
      "color": ["red", "blue", "black"],
      "issueDate": "2005-05-12T23:50:21.817Z",
      "condition": "Used",
      "SizeWeight": ["50g", "60g", "80g", "100g", "150g"],
      "TypeOf": "Organic",
      "SKU": "FWM15VKT",
      "MFG": "Jun 4, 2024",
      "Tags": ["Snack", "Organic", "Brown"],
      "Life": "70 days",
      "Stock": "8 Items In Stock",
      "ShortDescribe": "Lorem ipsum dolor, sit amet consectetur adipisicing elit Aliquam rem officia.",
      "AdditionalInfo": {
        "StandUp": "35″L x 24″W x 37-45″H(front to back wheel)",
        "Color": ["Black", "Blue", "Red", "White"],
        "Size": "M, S"
      }
    },
    {
      "id": "5152",
      "status":"Shipped",
      "tag": "new",
      "title": "Organic Avocado",
      "category": "Fruit",
      "price": 3.50,
      "oldPrice": 4.00,
      "image": "https://nest-frontend-v6.vercel.app/assets/imgs/shop/product-2-1.jpg",
      "rating": 4.8,
      "brand": "GreenFresh",
      "color": ["green"],
      "issueDate": "2024-07-10T10:50:21.817Z",
      "condition": "Fresh",
      "SizeWeight": ["250g", "500g"],
      "TypeOf": "Organic",
      "SKU": "AVO1234",
      "MFG": "Jul 4, 2024",
      "Tags": ["Fruit", "Organic", "Green"],
      "Life": "10 days",
      "Stock": "15 Items In Stock",
      "ShortDescribe": "Fresh and organic avocados from local farms.",
      "AdditionalInfo": {
        "Size": "M",
        "Color": ["Green"],
        "WeightCapacity": "1kg"
      }
    },
    {
      "id": "5153",
      "status":"Shipped",
      "tag": "bestseller",
      "title": "Fresh Farm Eggs",
      "category": "Dairy",
      "price": 5.99,
      "oldPrice": 7.99,
      "image": "https://nest-frontend-v6.vercel.app/assets/imgs/shop/product-3-1.jpg",
      "rating": 4.7,
      "brand": "DairyDelight",
      "color": ["white", "brown"],
      "issueDate": "2024-06-25T08:30:15.817Z",
      "condition": "Fresh",
      "SizeWeight": ["12 eggs", "24 eggs"],
      "TypeOf": "Organic",
      "SKU": "EGG123",
      "MFG": "Jun 25, 2024",
      "Tags": ["Dairy", "Organic", "Eggs"],
      "Life": "15 days",
      "Stock": "30 Items In Stock",
      "ShortDescribe": "Farm-fresh eggs from pasture-raised hens.",
      "AdditionalInfo": {
        "Size": "L",
        "Color": ["White", "Brown"],
        "WeightCapacity": "500g"
      }
    },
    {
      "id": "5154",
      "status":"Shipped",
      "tag": "discount",
      "title": "Nestle Milk Chocolate",
      "category": "Snack",
      "price": 2.99,
      "oldPrice": 3.99,
      "image": "https://nest-frontend-v6.vercel.app/assets/imgs/shop/product-4-1.jpg",
      "rating": 4.6,
      "brand": "Nestle",
      "color": ["brown"],
      "issueDate": "2024-03-18T11:20:45.817Z",
      "condition": "New",
      "SizeWeight": ["100g", "200g"],
      "TypeOf": "Regular",
      "SKU": "CHOC456",
      "MFG": "Mar 18, 2024",
      "Tags": ["Snack", "Chocolate", "Brown"],
      "Life": "120 days",
      "Stock": "50 Items In Stock",
      "ShortDescribe": "Delicious milk chocolate bars.",
      "AdditionalInfo": {
        "Size": "M",
        "Color": ["Brown"]
      }
    },
    {
      "id": "5155",
      "status":"Processing",
      "tag": "new",
      "title": "Organic Honey",
      "category": "Grocery",
      "price": 9.99,
      "oldPrice": 12.99,
      "image": "https://nest-frontend-v6.vercel.app/assets/imgs/shop/product-5-1.jpg",
      "rating": 4.9,
      "brand": "BeePure",
      "color": ["golden"],
      "issueDate": "2024-01-12T12:45:33.817Z",
      "condition": "New",
      "SizeWeight": ["250g", "500g"],
      "TypeOf": "Organic",
      "SKU": "HNY123",
      "MFG": "Jan 12, 2024",
      "Tags": ["Honey", "Organic", "Golden"],
      "Life": "365 days",
      "Stock": "25 Items In Stock",
      "ShortDescribe": "Pure, raw, organic honey from local farms.",
      "AdditionalInfo": {
        "Size": "M",
        "Color": ["Golden"],
        "WeightCapacity": "500g"
      }
    },
    {
      "id": "5156",
      "status":"Processing",
      "tag": "hot",
      "title": "Almond Butter",
      "category": "Grocery",
      "price": 14.99,
      "oldPrice": 18.99,
      "image": "https://nest-frontend-v6.vercel.app/assets/imgs/shop/product-6-1.jpg",
      "rating": 4.4,
      "brand": "NutraFoods",
      "color": ["light brown"],
      "issueDate": "2023-12-01T14:32:12.817Z",
      "condition": "New",
      "SizeWeight": ["500g"],
      "TypeOf": "Organic",
      "SKU": "ALM567",
      "MFG": "Dec 1, 2023",
      "Tags": ["Butter", "Organic", "Brown"],
      "Life": "180 days",
      "Stock": "40 Items In Stock",
      "ShortDescribe": "Smooth and creamy almond butter made from organic almonds.",
      "AdditionalInfo": {
        "Size": "L",
        "Color": ["Light Brown"],
        "WeightCapacity": "500g"
      }
    },
    {
      "id": "5157",
      "status":"Processing",
      "tag": "sale",
      "title": "Blueberry Yogurt",
      "category": "Dairy",
      "price": 1.99,
      "oldPrice": 2.49,
      "image": "https://nest-frontend-v6.vercel.app/assets/imgs/shop/product-7-1.jpg",
      "rating": 4.3,
      "brand": "DairyDelight",
      "color": ["blue", "white"],
      "issueDate": "2024-02-15T09:24:21.817Z",
      "condition": "Fresh",
      "SizeWeight": ["150g", "300g"],
      "TypeOf": "Organic",
      "SKU": "YOG789",
      "MFG": "Feb 15, 2024",
      "Tags": ["Yogurt", "Organic", "Blue"],
      "Life": "14 days",
      "Stock": "35 Items In Stock",
      "ShortDescribe": "Creamy organic blueberry yogurt.",
      "AdditionalInfo": {
        "Size": "M",
        "Color": ["Blue", "White"],
        "WeightCapacity": "150g"
      }
    },
    {
      "id": "5158",
      "status":"Delivered",
      "tag": "popular",
      "title": "Orange Juice",
      "category": "Beverage",
      "price": 3.50,
      "oldPrice": 4.00,
      "image": "https://nest-frontend-v6.vercel.app/assets/imgs/shop/product-8-1.jpg",
      "rating": 4.5,
      "brand": "FreshJuice",
      "color": ["orange"],
      "issueDate": "2024-04-02T10:10:10.817Z",
      "condition": "Fresh",
      "SizeWeight": ["500ml", "1L"],
      "TypeOf": "Organic",
      "SKU": "JUICE123",
      "MFG": "Apr 2, 2024",
      "Tags": ["Juice", "Organic", "Orange"],
      "Life": "7 days",
      "Stock": "20 Items In Stock",
      "ShortDescribe": "100% fresh squeezed orange juice.",
      "AdditionalInfo": {
        "Size": "L",
        "Color": ["Orange"],
        "WeightCapacity": "1L"
      }
    },
    {
      "id": "5159",
      "status":"Delivered",
      "tag": "bestseller",
      "title": "Almond Milk",
      "category": "Dairy",
      "price": 5.99,
      "oldPrice": 6.99,
      "image": "https://nest-frontend-v6.vercel.app/assets/imgs/shop/product-9-1.jpg",
      "rating": 4.7,
      "brand": "NutraFoods",
      "color": ["white"],
      "issueDate": "2024-05-05T13:15:10.817Z",
      "condition": "Fresh",
      "SizeWeight": ["1L"],
      "TypeOf": "Organic",
      "SKU": "ALMD123",
      "MFG": "May 5, 2024",
      "Tags": ["Milk", "Organic", "White"],
      "Life": "10 days",
      "Stock": "50 Items In Stock",
      "ShortDescribe": "Delicious almond milk from organic sources.",
      "AdditionalInfo": {
        "Size": "M",
        "Color": ["White"],
        "WeightCapacity": "1L"
      }
    },
    {
      "id": "5160",
      "status":"Delivered",
      "tag": "new",
      "title": "Chocolate Chip Cookies",
      "category": "Snack",
      "price": 4.99,
      "oldPrice": 5.99,
      "image": "https://nest-frontend-v6.vercel.app/assets/imgs/shop/product-10-1.jpg",
      "rating": 4.9,
      "brand": "CookieJar",
      "color": ["brown"],
      "issueDate": "2024-01-25T16:30:30.817Z",
      "condition": "New",
      "SizeWeight": ["200g"],
      "TypeOf": "Organic",
      "SKU": "COOKIE123",
      "MFG": "Jan 25, 2024",
      "Tags": ["Snack", "Cookies", "Brown"],
      "Life": "90 days",
      "Stock": "40 Items In Stock",
      "ShortDescribe": "Crispy chocolate chip cookies made from organic ingredients.",
      "AdditionalInfo": {
        "Size": "M",
        "Color": ["Brown"],
        "WeightCapacity": "200g"
      }
    },
    {
      "id": "5161",
      "status":"Delivered",
      "tag": "sale",
      "title": "Organic Almonds",
      "category": "Grocery",
      "price": 15.99,
      "oldPrice": 18.99,
      "image": "https://nest-frontend-v6.vercel.app/assets/imgs/shop/product-11-1.jpg",
      "rating": 4.6,
      "brand": "NutraFoods",
      "color": ["brown"],
      "issueDate": "2024-02-12T08:20:11.817Z",
      "condition": "New",
      "SizeWeight": ["500g", "1kg"],
      "TypeOf": "Organic",
      "SKU": "ALM456",
      "MFG": "Feb 12, 2024",
      "Tags": ["Nuts", "Organic", "Brown"],
      "Life": "180 days",
      "Stock": "100 Items In Stock",
      "ShortDescribe": "Healthy and organic almonds sourced from local farms.",
      "AdditionalInfo": {
        "Size": "M",
        "Color": ["Brown"],
        "WeightCapacity": "1kg"
      }
    }
  ]
}
